{"cameraMode":{"drawMode":0,"name":"Shaded","section":"Shading Mode"},"sceneLighting":true,"audioPlay":false,"sceneViewState":{"showFog":true,"showMaterialUpdate":false,"showSkybox":true,"showFlares":true,"showImageEffects":true,"showParticleSystems":true},"in2DMode":false,"pivot":{"x":0.9616260528564453,"y":-1.253037929534912,"z":-5.816747188568115},"rotation":{"x":0.09140833467245102,"y":0.680791974067688,"z":-0.08623677492141724,"w":0.721616268157959},"size":33.0767707824707,"orthographic":false}