{"cameraMode":{"drawMode":0,"name":"Shaded","section":"Shading Mode"},"sceneLighting":false,"audioPlay":false,"sceneViewState":{"showFog":true,"showMaterialUpdate":false,"showSkybox":true,"showFlares":true,"showImageEffects":true,"showParticleSystems":true},"in2DMode":false,"pivot":{"x":-50.02128601074219,"y":16.862123489379884,"z":104.71783447265625},"rotation":{"x":-0.018733352422714235,"y":0.719868540763855,"z":-0.019443901255726816,"w":-0.6935851573944092},"size":22.0,"orthographic":false}