{"cameraMode":{"drawMode":0,"name":"Shaded","section":"Shading Mode"},"sceneLighting":true,"audioPlay":false,"sceneViewState":{"showFog":true,"showMaterialUpdate":false,"showSkybox":true,"showFlares":true,"showImageEffects":true,"showParticleSystems":true},"in2DMode":false,"pivot":{"x":7.689962387084961,"y":4.710076332092285,"z":-6.999685287475586},"rotation":{"x":-0.3253081738948822,"y":0.6139313578605652,"z":-0.30708998441696169,"w":-0.6503527760505676},"size":17.689098358154298,"orthographic":false}