{"cameraMode":{"drawMode":0,"name":"Shaded","section":"Shading Mode"},"sceneLighting":true,"audioPlay":false,"sceneViewState":{"showFog":true,"showMaterialUpdate":false,"showSkybox":true,"showFlares":true,"showImageEffects":true,"showParticleSystems":true},"in2DMode":false,"pivot":{"x":-4.010000228881836,"y":2.440000057220459,"z":-5.78000020980835},"rotation":{"x":0.40446171164512637,"y":-0.005487279035151005,"z":0.002426793333142996,"w":0.9145352244377136},"size":25.571393966674806,"orthographic":true}