{"cameraMode":{"drawMode":0,"name":"Shaded","section":"Shading Mode"},"sceneLighting":false,"audioPlay":false,"sceneViewState":{"showFog":true,"showMaterialUpdate":false,"showSkybox":true,"showFlares":true,"showImageEffects":true,"showParticleSystems":true},"in2DMode":false,"pivot":{"x":-4.221901893615723,"y":12.580987930297852,"z":-80.89472961425781},"rotation":{"x":0.000648605520837009,"y":0.9993377923965454,"z":-0.022998522967100145,"w":0.02819005772471428},"size":268.6005554199219,"orthographic":false}