{"cameraMode":{"drawMode":0,"name":"Shaded","section":"Shading Mode"},"sceneLighting":true,"audioPlay":false,"sceneViewState":{"showFog":true,"showMaterialUpdate":false,"showSkybox":true,"showFlares":true,"showImageEffects":true,"showParticleSystems":true},"in2DMode":false,"pivot":{"x":1.7340481281280518,"y":2.152484893798828,"z":-2.3158388137817385},"rotation":{"x":0.026680251583456994,"y":-0.9724254012107849,"z":0.14131273329257966,"w":0.18359677493572236},"size":10.0,"orthographic":false}