{"cameraMode":{"drawMode":0,"name":"Shaded","section":"Shading Mode"},"sceneLighting":false,"audioPlay":false,"sceneViewState":{"showFog":true,"showMaterialUpdate":false,"showSkybox":false,"showFlares":true,"showImageEffects":true,"showParticleSystems":true},"in2DMode":false,"pivot":{"x":-0.421875,"y":-0.7400000095367432,"z":-2.009999990463257},"rotation":{"x":0.40446171164512637,"y":-0.005487279035151005,"z":0.002426793333142996,"w":0.9145352244377136},"size":0.8573652505874634,"orthographic":true}