{"cameraMode":{"drawMode":0,"name":"Shaded","section":"Shading Mode"},"sceneLighting":false,"audioPlay":false,"sceneViewState":{"showFog":true,"showMaterialUpdate":false,"showSkybox":true,"showFlares":true,"showImageEffects":true,"showParticleSystems":true},"in2DMode":false,"pivot":{"x":-8.652645111083985,"y":21.386058807373048,"z":53.242958068847659},"rotation":{"x":-0.06291375309228897,"y":0.3214321732521057,"z":-0.021408921107649804,"w":-0.9445977807044983},"size":80.17424011230469,"orthographic":false}